{  
  "AssimilatePartitioningCoeff":[  
    [  
      0.5,
      0.5,
      0,
      0
    ],
    [  
      0.20000000000000001,
      0.20000000000000001,
      0.59999999999999998,
      0
    ],
    [  
      0.13,
      0.20000000000000001,
      0.67000000000000004,
      0
    ],
    [  
      0,
      0,
      0.029999999999999999,
      0.96999999999999997
    ],
    [  
      0,
      0,
      0,
      1
    ],
    [  
      0,
      0,
      0,
      1
    ],
    [  
      0,
      0,
      0,
      1
    ]
  ],
  "BaseDaylength":[  
    [  
      0,
      0,
      0,
      0,
      0,
      0,
      0
    ],
    "h"
  ],
  "BeginSensitivePhaseHeatStress":[  
    340,
    "°C d"
  ],
  "CriticalTemperatureHeatStress":[  
    31,
    "°C"
  ],
  "CropHeightP1":6,
  "CropHeightP2":0.5,
  "CropSpecificMaxRootingDepth":0.89999997615814209,
  "CultivarName":"field tomato",
  "DaylengthRequirement":[  
    [  
      0,
      0,
      10,
      10,
      10,
      0,
      0
    ],
    "h"
  ],
  "Description":"",
  "DroughtStressThreshold":[  
    1,
    0.90000000000000002,
    1,
    1,
    0.90000000000000002,
    0.80000000000000004,
    0.80000000000000004
  ],
  "EndSensitivePhaseHeatStress":[  
    1000,
    "°C d"
  ],
  "FrostDehardening":0,
  "FrostHardening":0,
  "HeatSumIrrigationEnd":1676,
  "HeatSumIrrigationStart":100,
  "LT50cultivar":0,
  "LatestHarvestDoy":-1,
  "LowTemperatureExposure":0,
  "MaxAssimilationRate":26.3832,
  "MaxCropHeight":[  
    0.60000002384185791,
    "m"
  ],
  "OptimumTemperature":[  
    [  
      30,
      30,
      30,
      30,
      30,
      30,
      30
    ],
    "°C"
  ],
  "OrganIdsForCutting":[  

  ],
  "OrganIdsForPrimaryYield":[  
    {  
      "organId":4,
      "type":"YieldComponent",
      "yieldDryMatter":0.059999999999999998,
      "yieldPercentage":0.90000000000000002
    }
  ],
  "OrganIdsForSecondaryYield":[  

  ],
  "OrganSenescenceRate":[  
    [  
      0,
      0,
      0,
      0
    ],
    [  
      0,
      0,
      0,
      0
    ],
    [  
      0,
      0,
      0,
      0
    ],
    [  
      0,
      0,
      0,
      0
    ],
    [  
      0,
      0,
      0,
      0
    ],
    [  
      0,
      0.01,
      0,
      0
    ],
    [  
      0,
      0.01,
      0.01,
      0
    ]
  ],
  "Perennial":false,
  "ResidueNRatio":1,
  "RespiratoryStress":0,
  "SpecificLeafArea":[  
    [  
      0.000708132,
      0.00199437,
      0.00463149,
      0.00257754,
      0.00168631,
      0.00245018,
      0.00228632
    ],
    "ha kg-1"
  ],
  "StageKcFactor":[  
    [  
      0.40000000000000002,
      0.59999999999999998,
      1.1499999999999999,
      1.1499999999999999,
      1,
      0.80000000000000004,
      0.25
    ],
    "1;0"
  ],
  "StageTemperatureSum":[  
    [  
      35,
      400,
      135,
      216,
      414,
      140,
      80
    ],
    "°C d"
  ],
  "VernalisationRequirement":[  
    0,
    0,
    0,
    0,
    0,
    0,
    0
  ],
  "type":"CultivarParameters"
}